code	name	previous_code	selectable	legacy_only
100	Підприємства		0	0
110	Фермерське господарство	200	1	0
120	Приватне підприємство	120	1	0
130	Колективне підприємство	130	1	1
140	Державне підприємство	140	1	0
145	Казенне підприємство	145	1	0
150	Комунальне підприємство	150	1	0
151	Спільне комунальне підприємство	150	1	0
160	Дочірнє підприємство	330	1	0
170	Іноземне підприємство	170	1	0
180	Підприємство об’єднання громадян (релігійної організації, профспілки)	135	1	0
185	Підприємство споживчої кооперації	136	1	0
190	Орендне підприємство	190	1	1
191	Індивідуальне підприємство	100	1	1
192	Сімейне підприємство	110	1	1
193	Спільне підприємство	160	1	1
200	Господарські товариства		0	0
230	Акціонерне товариство	230	1	0
231	Відкрите акціонерне товариство	231	1	1
232	Закрите акціонерне товариство	232	1	1
235	Державна акціонерна компанія (товариство)		1	0
236	Державна холдингова компанія		1	0
237	Холдингова компанія	550	1	0
240	Товариство з обмеженою відповідальністю	240	1	0
250	Товариство з додатковою відповідальністю	250	1	0
260	Повне товариство	260	1	0
270	Командитне товариство	270	1	0
280	Адвокатське об’єднання		1	0
281	Адвокатське бюро		1	0
300	Кооперативи	180	0	0
310	Виробничий кооператив	181	1	0
320	Обслуговуючий кооператив	182	1	0
321	Житлово-будівельний кооператив	184,185	1	1
322	Гаражний кооператив		1	1
330	Споживчий кооператив	930	1	0
331	Споживче товариство	186	1	0
340	Сільськогосподарський виробничий кооператив	187	1	1
350	Сільськогосподарський обслуговуючий кооператив		1	1
360	Сільськогосподарський кооператив		1	0
370	Сільськогосподарське кооперативне об’єднання		1	0
390	Кооперативний банк		1	0
400	Організації (установи, заклади)	400,410,420	0	0
410	Орган державної влади		1	0
415	Суди		1	0
420	Орган місцевого самоврядування		1	0
425	Державна організація (установа, заклад)		1	0
430	Комунальна організація (установа, заклад)		1	0
435	Приватна організація (установа, заклад)		1	0
440	Організація (установа, заклад) об’єднання громадян (релігійної організації, профспілки, споживчої кооперації тощо)		1	0
490	Організація орендарів	430	1	1
495	Організація покупців	440	1	1
500	Об’єднання підприємств (юридичних осіб)		0	0
510	Асоціація	280,421	1	0
520	Корпорація	290	1	0
530	Консорціум	300	1	0
540	Концерн	310	1	0
560	Спілка споживчих товариств	935	1	0
590	Інші об’єднання юридичних осіб	320	1	0
600	Відокремлені підрозділи без статусу юридичної особи		0	0
610	Філія (інший відокремлений підрозділ)	500,520	1	0
620	Представництво	510	1	0
700	Непідприємницькі товариства		0	0
710	Органи адвокатського самоврядування		1	0
711	Органи суддівського самоврядування		1	0
712	Вища кваліфікаційна комісія суддів України		1	0
720	Фонди соціального страхування		1	0
750	Саморегулівні організації		1	0
760	Асоціації органів місцевого самоврядування та їх добровільні об’єднання		1	0
770	Торгово-промислова палата		1	0
780	Аудиторська палата України		1	0
790	Організація водокористувачів		1	0
800	Громадські об’єднання, профспілки, благодійні організації та інші подібні організації		0	0
810	Політична партія	450	1	0
815	Громадська організація	460	1	0
820	Громадська спілка		1	0
825	Релігійна організація	470	1	0
830	Профспілка	480,481,482,483,484,485,487	1	0
835	Об’єднання профспілок	486	1	0
840	Творча спілка (інша професійна організація)	461	1	0
845	Благодійна організація	490,492,493,494	1	0
850	Організація роботодавців		1	0
855	Об’єднання співвласників багатоквартирного будинку	491	1	0
860	Орган самоорганізації населення	462	1	0
900	Інші організаційно-правові форми		0	0
910	Підприємець-фізична особа	340	1	0
915	Товарна біржа		1	1
925	Кредитна спілка		1	0
940	Недержавний пенсійний фонд		1	0
950	Садівниче товариство	183	1	1
995	Інші організаційно-правові форми		1	0
