code	section	name
01.11	A	Вирощування зернових культур (крім рису), бобових культур і насіння олійних культур
01.12	A	Вирощування рису
01.13	A	Вирощування овочів і баштанних культур, коренеплодів і бульбоплодів
01.14	A	Вирощування цукрової тростини
01.15	A	Вирощування тютюну
01.16	A	Вирощування прядивних культур
01.19	A	Вирощування інших однорічних і дворічних культур
01.21	A	Вирощування винограду
01.22	A	Вирощування тропічних і субтропічних фруктів
01.23	A	Вирощування цитрусових
01.24	A	Вирощування зерняткових і кісточкових фруктів
01.25	A	Вирощування ягід, горіхів, інших плодових дерев і чагарників
01.26	A	Вирощування олійних плодів
01.27	A	Вирощування культур для виробництва напоїв
01.28	A	Вирощування пряних, ароматичних і лікарських культур
01.29	A	Вирощування інших багаторічних культур
01.30	A	Відтворення рослин
01.41	A	Розведення великої рогатої худоби молочних порід
01.42	A	Розведення іншої великої рогатої худоби та буйволів
01.43	A	Розведення коней та інших тварин родини конячих
01.44	A	Розведення верблюдів та інших тварин родини верблюдячих
01.45	A	Розведення овець і кіз
01.46	A	Розведення свиней
01.47	A	Розведення свійської птиці
01.49	A	Розведення інших тварин
01.50	A	Змішане сільське господарство
01.61	A	Допоміжна діяльність у рослинництві
01.62	A	Допоміжна діяльність у тваринництві
01.63	A	Післяурожайна діяльність
01.64	A	Оброблення насіння для відтворення
01.70	A	Мисливство, відловлювання тварин і надання пов'язаних із ними послуг
02.10	A	Лісівництво та інша діяльність у лісовому господарстві
02.20	A	Лісозаготівлі
02.30	A	Збирання дикорослих недеревних продуктів
02.40	A	Надання допоміжних послуг у лісовому господарстві
03.11	A	Морське рибальство
03.12	A	Прісноводне рибальство
03.21	A	Морське рибництво (аквакультура)
03.22	A	Прісноводне рибництво (аквакультура)
05.10	B	Добування кам'яного вугілля
05.20	B	Добування бурого вугілля
06.10	B	Добування сирої нафти
06.20	B	Добування природного газу
07.10	B	Добування залізних руд
07.21	B	Добування уранових і торієвих руд
07.29	B	Добування руд інших кольорових металів
08.11	B	Добування декоративного та будівельного каменю, вапняку, гіпсу, крейди та глинистого сланцю
08.12	B	Добування піску, гравію, глин і каоліну
08.91	B	Добування мінеральної сировини для хімічної промисловості та виробництва мінеральних добрив
08.92	B	Добування торфу
08.93	B	Добування солі
08.99	B	Добування інших корисних копалин та розроблення кар'єрів, н.в.і.у.
09.10	B	Надання допоміжних послуг у сфері добування нафти та природного газу
09.90	B	Надання допоміжних послуг у сфері добування інших корисних копалин та розроблення кар'єрів
10.11	C	Виробництво м'яса
10.12	C	Виробництво м'яса свійської птиці
10.13	C	Виробництво м'ясних продуктів
10.20	C	Перероблення та консервування риби, ракоподібних і молюсків
10.31	C	Перероблення та консервування картоплі
10.32	C	Виробництво фруктових і овочевих соків
10.39	C	Інші види перероблення та консервування фруктів і овочів
10.41	C	Виробництво олії та тваринних жирів
10.42	C	Виробництво маргарину і подібних харчових жирів
10.51	C	Перероблення молока, виробництво масла та сиру
10.52	C	Виробництво морозива
10.61	C	Виробництво продуктів борошномельно-круп'яної промисловості
10.62	C	Виробництво крохмалів і крохмальних продуктів
10.71	C	Виробництво хліба та хлібобулочних виробів; виробництво борошняних кондитерських виробів, тортів і тістечок нетривалого зберігання
10.72	C	Виробництво сухарів і сухого печива; виробництво борошняних кондитерських виробів, тортів і тістечок тривалого зберігання
10.73	C	Виробництво макаронних виробів і подібних борошняних виробів
10.81	C	Виробництво цукру
10.82	C	Виробництво какао, шоколаду та цукрових кондитерських виробів
10.83	C	Виробництво чаю та кави
10.84	C	Виробництво прянощів і приправ
10.85	C	Виробництво готової їжі та страв
10.86	C	Виробництво дитячого харчування та дієтичних харчових продуктів
10.89	C	Виробництво інших харчових продуктів, н.в.і.у.
10.91	C	Виробництво готових кормів для тварин, що утримуються на фермах
10.92	C	Виробництво готових кормів для домашніх тварин
11.01	C	Дистиляція, ректифікація та змішування спиртних напоїв
11.02	C	Виробництво виноградних вин
11.03	C	Виробництво сидру та інших плодово-ягідних вин
11.04	C	Виробництво інших недистильованих напоїв із зброджуваних продуктів
11.05	C	Виробництво пива
11.06	C	Виробництво солоду
11.07	C	Виробництво безалкогольних напоїв; виробництво мінеральних вод та інших вод, розлитих у пляшки
12.00	C	Виробництво тютюнових виробів
13.10	C	Підготування та прядіння текстильних волокон
13.20	C	Ткацьке виробництво
13.30	C	Оздоблення текстильних виробів
13.91	C	Виробництво трикотажного полотна
13.92	C	Виробництво готових текстильних виробів, крім одягу
13.93	C	Виробництво килимів і килимових виробів
13.94	C	Виробництво канатів, мотузок, шпагату та сіток
13.95	C	Виробництво нетканих текстильних матеріалів і виробів із них, крім одягу
13.96	C	Виробництво інших текстильних виробів технічного та промислового призначення
13.99	C	Виробництво інших текстильних виробів, н.в.і.у.
14.11	C	Виробництво одягу зі шкіри
14.12	C	Виробництво робочого одягу
14.13	C	Виробництво іншого верхнього одягу
14.14	C	Виробництво спіднього одягу
14.19	C	Виробництво іншого одягу й аксесуарів
14.20	C	Виготовлення виробів із хутра
14.31	C	Виробництво панчішно-шкарпеткових виробів
14.39	C	Виробництво іншого трикотажного та в'язаного одягу
15.11	C	Дублення шкур і оздоблення шкіри; вичинка та фарбування хутра
15.12	C	Виробництво дорожніх виробів, сумок, лимарно-сідельних виробів зі шкіри та інших матеріалів
15.20	C	Виробництво взуття
16.10	C	Лісопильне та стругальне виробництво
16.21	C	Виробництво фанери, дерев'яних плит і панелей, шпону
16.22	C	Виробництво щитового паркету
16.23	C	Виробництво інших дерев'яних будівельних конструкцій і столярних виробів
16.24	C	Виробництво дерев'яної тари
16.29	C	Виробництво інших виробів з деревини; виготовлення виробів з корка, соломки та рослинних матеріалів для плетіння
17.11	C	Виробництво паперової маси
17.12	C	Виробництво паперу та картону
17.21	C	Виробництво гофрованого паперу та картону, паперової та картонної тари
17.22	C	Виробництво паперових виробів господарсько-побутового та санітарно-гігієнічного призначення
17.23	C	Виробництво паперових канцелярських виробів
17.24	C	Виробництво шпалер
17.29	C	Виробництво інших виробів з паперу та картону
18.11	C	Друкування газет
18.12	C	Друкування іншої продукції
18.13	C	Виготовлення друкарських форм і надання інших поліграфічних послуг
18.14	C	Брошурувально-палітурна діяльність і надання пов'язаних із нею послуг
18.20	C	Тиражування звуко-, відеозаписів і програмного забезпечення
19.10	C	Виробництво коксу та коксопродуктів
19.20	C	Виробництво продуктів нафтоперероблення
20.11	C	Виробництво промислових газів
20.12	C	Виробництво барвників і пігментів
20.13	C	Виробництво інших основних неорганічних хімічних речовин
20.14	C	Виробництво інших основних органічних хімічних речовин
20.15	C	Виробництво добрив і азотних сполук
20.16	C	Виробництво пластмас у первинних формах
20.17	C	Виробництво синтетичного каучуку в первинних формах
20.20	C	Виробництво пестицидів та іншої агрохімічної продукції
20.30	C	Виробництво фарб, лаків і подібної продукції, друкарської фарби та мастик
20.41	C	Виробництво мила та мийних засобів, засобів для чищення та полірування
20.42	C	Виробництво парфумних і косметичних засобів
20.51	C	Виробництво вибухових речовин
20.52	C	Виробництво клеїв
20.53	C	Виробництво ефірних олій
20.59	C	Виробництво іншої хімічної продукції, н.в.і.у.
20.60	C	Виробництво штучних і синтетичних волокон
21.10	C	Виробництво основних фармацевтичних продуктів
21.20	C	Виробництво фармацевтичних препаратів і матеріалів
22.11	C	Виробництво гумових шин, покришок і камер; відновлення протектора гумових шин і покришок
22.19	C	Виробництво інших гумових виробів
22.21	C	Виробництво плит, листів, труб і профілів із пластмас
22.22	C	Виробництво тари з пластмас
22.23	C	Виробництво будівельних виробів із пластмас
22.29	C	Виробництво інших виробів із пластмас
23.11	C	Виробництво листового скла
23.12	C	Формування й оброблення листового скла
23.13	C	Виробництво порожнистого скла
23.14	C	Виробництво скловолокна
23.19	C	Виробництво й оброблення інших скляних виробів, у тому числі технічних
23.20	C	Виробництво вогнетривких виробів
23.31	C	Виробництво керамічних плиток і плит
23.32	C	Виробництво цегли, черепиці та інших будівельних виробів із випаленої глини
23.41	C	Виробництво господарських і декоративних керамічних виробів
23.42	C	Виробництво керамічних санітарно-технічних виробів
23.43	C	Виробництво керамічних електроізоляторів та ізоляційної арматури
23.44	C	Виробництво інших керамічних виробів технічного призначення
23.49	C	Виробництво інших керамічних виробів
23.51	C	Виробництво цементу
23.52	C	Виробництво вапна та гіпсових сумішей
23.61	C	Виготовлення виробів із бетону для будівництва
23.62	C	Виготовлення виробів із гіпсу для будівництва
23.63	C	Виробництво бетонних розчинів, готових для використання
23.64	C	Виробництво сухих будівельних сумішей
23.65	C	Виготовлення виробів із волокнистого цементу
23.69	C	Виробництво інших виробів із бетону, гіпсу та цементу
23.70	C	Різання, оброблення та оздоблення декоративного та будівельного каменю
23.91	C	Виробництво абразивних виробів
23.99	C	Виробництво неметалевих мінеральних виробів, н.в.і.у.
24.10	C	Виробництво чавуну, сталі та феросплавів
24.20	C	Виробництво труб, порожнистих профілів і фітингів зі сталі
24.31	C	Холодне волочіння прутків і профілів
24.32	C	Холодний прокат вузької штаби
24.33	C	Холодне штампування та гнуття
24.34	C	Холодне волочіння дроту
24.41	C	Виробництво дорогоцінних металів
24.42	C	Виробництво алюмінію
24.43	C	Виробництво свинцю, цинку й олова
24.44	C	Виробництво міді
24.45	C	Виробництво інших кольорових металів
24.46	C	Виробництво ядерних матеріалів
24.51	C	Лиття чавуну
24.52	C	Лиття сталі
24.53	C	Лиття легких кольорових металів
24.54	C	Лиття інших кольорових металів
25.11	C	Виробництво будівельних металевих конструкцій і частин конструкцій
25.12	C	Виробництво металевих дверей і вікон
25.21	C	Виробництво радіаторів і котлів центрального опалення
25.29	C	Виробництво інших металевих баків, резервуарів і контейнерів
25.30	C	Виробництво парових котлів, крім котлів центрального опалення
25.40	C	Виробництво зброї та боєприпасів
25.50	C	Кування, пресування, штампування, профілювання; порошкова металургія
25.61	C	Оброблення металів та нанесення покриття на метали
25.62	C	Механічне оброблення металевих виробів
25.71	C	Виробництво столових приборів
25.72	C	Виробництво замків і дверних петель
25.73	C	Виробництво інструментів
25.91	C	Виробництво сталевих бочок і подібних контейнерів
25.92	C	Виробництво легких металевих паковань
25.93	C	Виробництво виробів із дроту, ланцюгів і пружин
25.94	C	Виробництво кріпильних і ґвинтонарізних виробів
25.99	C	Виробництво інших готових металевих виробів, н.в.і.у.
26.11	C	Виробництво електронних компонентів
26.12	C	Виробництво змонтованих електронних плат
26.20	C	Виробництво комп'ютерів і периферійного устатковання
26.30	C	Виробництво обладнання зв'язку
26.40	C	Виробництво електронної апаратури побутового призначення для приймання, записування та відтворювання звуку й зображення
26.51	C	Виробництво інструментів і обладнання для вимірювання, дослідження та навігації
26.52	C	Виробництво годинників
26.60	C	Виробництво радіологічного, електромедичного й електротерапевтичного устатковання
26.70	C	Виробництво оптичних приладів і фотографічного устатковання
26.80	C	Виробництво магнітних і оптичних носіїв даних
27.11	C	Виробництво електродвигунів, генераторів і трансформаторів
27.12	C	Виробництво електророзподільчої та контрольної апаратури
27.20	C	Виробництво батарей і акумуляторів
27.31	C	Виробництво волоконно-оптичних кабелів
27.32	C	Виробництво інших видів електронних і електричних проводів і кабелів
27.33	C	Виробництво електромонтажних пристроїв
27.40	C	Виробництво електричного освітлювального устатковання
27.51	C	Виробництво електричних побутових приладів
27.52	C	Виробництво неелектричних побутових приладів
27.90	C	Виробництво іншого електричного устатковання
28.11	C	Виробництво двигунів і турбін, крім авіаційних, автотранспортних і мотоциклетних двигунів
28.12	C	Виробництво гідравлічного та пневматичного устатковання
28.13	C	Виробництво інших помп і компресорів
28.14	C	Виробництво інших кранів і клапанів
28.15	C	Виробництво підшипників, зубчастих передач, елементів механічних передач і приводів
28.21	C	Виробництво духових шаф, печей і пічних пальників
28.22	C	Виробництво підіймального та вантажно-розвантажувального устатковання
28.23	C	Виробництво офісних машин і устатковання, крім комп'ютерів і периферійного устатковання
28.24	C	Виробництво ручних електромеханічних і пневматичних інструментів
28.25	C	Виробництво промислового холодильного та вентиляційного устатковання
28.29	C	Виробництво інших машин і устатковання загального призначення, н.в.і.у.
28.30	C	Виробництво машин і устатковання для сільського та лісового господарства
28.41	C	Виробництво металообробних машин
28.49	C	Виробництво інших верстатів
28.91	C	Виробництво машин і устатковання для металургії
28.92	C	Виробництво машин і устатковання для добувної промисловості та будівництва
28.93	C	Виробництво машин і устатковання для виготовлення харчових продуктів і напоїв, перероблення тютюну
28.94	C	Виробництво машин і устатковання для виготовлення текстильних, швейних, хутряних і шкіряних виробів
28.95	C	Виробництво машин і устатковання для виготовлення паперу та картону
28.96	C	Виробництво машин і устатковання для виготовлення пластмас і гуми
28.99	C	Виробництво інших машин і устатковання спеціального призначення, н.в.і.у.
29.10	C	Виробництво автотранспортних засобів
29.20	C	Виробництво кузовів для автотранспортних засобів, причепів і напівпричепів
29.31	C	Виробництво електричного й електронного устатковання для автотранспортних засобів
29.32	C	Виробництво інших вузлів, деталей і приладдя для автотранспортних засобів
30.11	C	Будування суден і плавучих конструкцій
30.12	C	Будування прогулянкових і спортивних човнів
30.20	C	Виробництво залізничних локомотивів і рухомого складу
30.30	C	Виробництво повітряних і космічних літальних апаратів, супутнього устатковання
30.40	C	Виробництво військових транспортних засобів
30.91	C	Виробництво мотоциклів
30.92	C	Виробництво велосипедів, дитячих та інвалідних колясок
30.99	C	Виробництво інших транспортних засобів і обладнання, н.в.і.у.
31.01	C	Виробництво меблів для офісів і підприємств торгівлі
31.02	C	Виробництво кухонних меблів
31.03	C	Виробництво матраців
31.09	C	Виробництво інших меблів
32.11	C	Карбування монет
32.12	C	Виробництво ювелірних і подібних виробів
32.13	C	Виробництво біжутерії та подібних виробів
32.20	C	Виробництво музичних інструментів
32.30	C	Виробництво спортивних товарів
32.40	C	Виробництво ігор та іграшок
32.50	C	Виробництво медичних і стоматологічних інструментів і матеріалів
32.91	C	Виробництво мітел і щіток
32.99	C	Виробництво іншої продукції, н.в.і.у.
33.11	C	Ремонт і технічне обслуговування готових металевих виробів
33.12	C	Ремонт і технічне обслуговування машин і устатковання промислового призначення
33.13	C	Ремонт і технічне обслуговування електронного й оптичного устатковання
33.14	C	Ремонт і технічне обслуговування електричного устатковання
33.15	C	Ремонт і технічне обслуговування суден і човнів
33.16	C	Ремонт і технічне обслуговування повітряних і космічних літальних апаратів
33.17	C	Ремонт і технічне обслуговування інших транспортних засобів
33.19	C	Ремонт і технічне обслуговування інших машин і устатковання
33.20	C	Установлення та монтаж машин і устатковання
35.11	D	Виробництво електроенергії
35.12	D	Передача електроенергії
35.13	D	Розподілення електроенергії
35.14	D	Торгівля електроенергією
35.21	D	Виробництво газу
35.22	D	Розподілення газоподібного палива через місцеві (локальні) трубопроводи
35.23	D	Торгівля газом через місцеві (локальні) трубопроводи
35.30	D	Постачання пари, гарячої води та кондиційованого повітря
36.00	E	Забір, очищення та постачання води
37.00	E	Каналізація, відведення й очищення стічних вод
38.11	E	Збирання безпечних відходів
38.12	E	Збирання небезпечних відходів
38.21	E	Оброблення та видалення безпечних відходів
38.22	E	Оброблення та видалення небезпечних відходів
38.31	E	Демонтаж (розбирання) машин і устатковання
38.32	E	Відновлення відсортованих відходів
39.00	E	Інша діяльність щодо поводження з відходами
41.10	F	Організація будівництва будівель
41.20	F	Будівництво житлових і нежитлових будівель
42.11	F	Будівництво доріг і автострад
42.12	F	Будівництво залізниць і метрополітену
42.13	F	Будівництво мостів і тунелів
42.21	F	Будівництво трубопроводів
42.22	F	Будівництво споруд електропостачання та телекомунікацій
42.91	F	Будівництво водних споруд
42.99	F	Будівництво інших споруд, н.в.і.у.
43.11	F	Знесення
43.12	F	Підготовчі роботи на будівельному майданчику
43.13	F	Розвідувальне буріння
43.21	F	Електромонтажні роботи
43.22	F	Монтаж водопровідних мереж, систем опалення та кондиціонування
43.29	F	Інші будівельно-монтажні роботи
43.31	F	Штукатурні роботи
43.32	F	Установлення столярних виробів
43.33	F	Покриття підлоги й облицювання стін
43.34	F	Малярні роботи та скління
43.39	F	Інші роботи із завершення будівництва
43.91	F	Покрівельні роботи
43.99	F	Інші спеціалізовані будівельні роботи, н.в.і.у.
45.11	G	Торгівля автомобілями та легковими автотранспортними засобами
45.19	G	Торгівля іншими автотранспортними засобами
45.20	G	Технічне обслуговування та ремонт автотранспортних засобів
45.31	G	Оптова торгівля деталями та приладдям для автотранспортних засобів
45.32	G	Роздрібна торгівля деталями та приладдям для автотранспортних засобів
45.40	G	Торгівля мотоциклами, деталями та приладдям до них, технічне обслуговування і ремонт мотоциклів
46.11	G	Діяльність посередників у торгівлі сільськогосподарською сировиною, живими тваринами, текстильною сировиною та напівфабрикатами
46.12	G	Діяльність посередників у торгівлі паливом, рудами, металами та промисловими хімічними речовинами
46.13	G	Діяльність посередників у торгівлі деревиною, будівельними матеріалами та санітарно-технічними виробами
46.14	G	Діяльність посередників у торгівлі машинами, промисловим устаткованням, суднами та літаками
46.15	G	Діяльність посередників у торгівлі меблями, господарськими товарами, залізними та іншими металевими виробами
46.16	G	Діяльність посередників у торгівлі текстильними виробами, одягом, хутром, взуттям і шкіряними виробами
46.17	G	Діяльність посередників у торгівлі продуктами харчування, напоями та тютюновими виробами
46.18	G	Діяльність посередників, що спеціалізуються в торгівлі іншими товарами
46.19	G	Діяльність посередників у торгівлі товарами широкого асортименту
46.21	G	Оптова торгівля зерном, необробленим тютюном, насінням і кормами для тварин
46.22	G	Оптова торгівля квітами та рослинами
46.23	G	Оптова торгівля живими тваринами
46.24	G	Оптова торгівля шкірсировиною, шкурами та шкірою
46.31	G	Оптова торгівля фруктами й овочами
46.32	G	Оптова торгівля м'ясом і м'ясними продуктами
46.33	G	Оптова торгівля молочними продуктами, яйцями, харчовими оліями та жирами
46.34	G	Оптова торгівля напоями
46.35	G	Оптова торгівля тютюновими виробами
46.36	G	Оптова торгівля цукром, шоколадом і кондитерськими виробами
46.37	G	Оптова торгівля кавою, чаєм, какао та прянощами
46.38	G	Оптова торгівля іншими продуктами харчування, у тому числі рибою, ракоподібними та молюсками
46.39	G	Неспеціалізована оптова торгівля продуктами харчування, напоями та тютюновими виробами
46.41	G	Оптова торгівля текстильними товарами
46.42	G	Оптова торгівля одягом і взуттям
46.43	G	Оптова торгівля побутовими електротоварами й електронною апаратурою побутового призначення для приймання, записування, відтворювання звуку й зображення
46.44	G	Оптова торгівля фарфором, скляним посудом і засобами для чищення
46.45	G	Оптова торгівля парфумними та косметичними товарами
46.46	G	Оптова торгівля фармацевтичними товарами
46.47	G	Оптова торгівля меблями, килимами й освітлювальним приладдям
46.48	G	Оптова торгівля годинниками та ювелірними виробами
46.49	G	Оптова торгівля іншими товарами господарського призначення
46.51	G	Оптова торгівля комп'ютерами, периферійним устаткованням і програмним забезпеченням
46.52	G	Оптова торгівля електронним і телекомунікаційним устаткованням, деталями до нього
46.61	G	Оптова торгівля сільськогосподарськими машинами й устаткованням
46.62	G	Оптова торгівля верстатами
46.63	G	Оптова торгівля машинами й устаткованням для добувної промисловості та будівництва
46.64	G	Оптова торгівля машинами й устаткованням для текстильного, швейного та трикотажного виробництва
46.65	G	Оптова торгівля офісними меблями
46.66	G	Оптова торгівля іншими офісними машинами й устаткованням
46.69	G	Оптова торгівля іншими машинами й устаткованням
46.71	G	Оптова торгівля твердим, рідким, газоподібним паливом і подібними продуктами
46.72	G	Оптова торгівля металами та металевими рудами
46.73	G	Оптова торгівля деревиною, будівельними матеріалами та санітарно-технічним обладнанням
46.74	G	Оптова торгівля залізними виробами, водопровідним і опалювальним устаткованням і приладдям до нього
46.75	G	Оптова торгівля хімічними продуктами
46.76	G	Оптова торгівля іншими проміжними продуктами
46.77	G	Оптова торгівля відходами та брухтом
46.90	G	Неспеціалізована оптова торгівля
47.11	G	Роздрібна торгівля в неспеціалізованих магазинах переважно продуктами харчування, напоями та тютюновими виробами
47.19	G	Інші види роздрібної торгівлі в неспеціалізованих магазинах
47.21	G	Роздрібна торгівля фруктами й овочами в спеціалізованих магазинах
47.22	G	Роздрібна торгівля м'ясом і м'ясними продуктами в спеціалізованих магазинах
47.23	G	Роздрібна торгівля рибою, ракоподібними та молюсками в спеціалізованих магазинах
47.24	G	Роздрібна торгівля хлібобулочними виробами, борошняними та цукровими кондитерськими виробами в спеціалізованих магазинах
47.25	G	Роздрібна торгівля напоями в спеціалізованих магазинах
47.26	G	Роздрібна торгівля тютюновими виробами в спеціалізованих магазинах
47.29	G	Роздрібна торгівля іншими продуктами харчування в спеціалізованих магазинах
47.30	G	Роздрібна торгівля пальним
47.41	G	Роздрібна торгівля комп'ютерами, периферійним устаткованням і програмним забезпеченням у спеціалізованих магазинах
47.42	G	Роздрібна торгівля телекомунікаційним устаткованням у спеціалізованих магазинах
47.43	G	Роздрібна торгівля в спеціалізованих магазинах електронною апаратурою побутового призначення для приймання, записування, відтворювання звуку й зображення
47.51	G	Роздрібна торгівля текстильними товарами в спеціалізованих магазинах
47.52	G	Роздрібна торгівля залізними виробами, будівельними матеріалами та санітарно-технічними виробами в спеціалізованих магазинах
47.53	G	Роздрібна торгівля килимами, килимовими виробами, покриттям для стін і підлоги в спеціалізованих магазинах
47.54	G	Роздрібна торгівля побутовими електротоварами в спеціалізованих магазинах
47.59	G	Роздрібна торгівля меблями, освітлювальним приладдям та іншими товарами для дому в спеціалізованих магазинах
47.61	G	Роздрібна торгівля книгами в спеціалізованих магазинах
47.62	G	Роздрібна торгівля газетами та канцелярськими товарами в спеціалізованих магазинах
47.63	G	Роздрібна торгівля аудіо- та відеозаписами в спеціалізованих магазинах
47.64	G	Роздрібна торгівля спортивним інвентарем у спеціалізованих магазинах
47.65	G	Роздрібна торгівля іграми та іграшками в спеціалізованих магазинах
47.71	G	Роздрібна торгівля одягом у спеціалізованих магазинах
47.72	G	Роздрібна торгівля взуттям і шкіряними виробами в спеціалізованих магазинах
47.73	G	Роздрібна торгівля фармацевтичними товарами в спеціалізованих магазинах
47.74	G	Роздрібна торгівля медичними й ортопедичними товарами в спеціалізованих магазинах
47.75	G	Роздрібна торгівля косметичними товарами та туалетними приналежностями в спеціалізованих магазинах
47.76	G	Роздрібна торгівля квітами, рослинами, насінням, добривами, домашніми тваринами та кормами для них у спеціалізованих магазинах
47.77	G	Роздрібна торгівля годинниками та ювелірними виробами в спеціалізованих магазинах
47.78	G	Роздрібна торгівля іншими невживаними товарами в спеціалізованих магазинах
47.79	G	Роздрібна торгівля уживаними товарами в магазинах
47.81	G	Роздрібна торгівля з лотків і на ринках харчовими продуктами, напоями та тютюновими виробами
47.82	G	Роздрібна торгівля з лотків і на ринках текстильними виробами, одягом і взуттям
47.89	G	Роздрібна торгівля з лотків і на ринках іншими товарами
47.91	G	Роздрібна торгівля, що здійснюється фірмами поштового замовлення або через мережу Інтернет
47.99	G	Інші види роздрібної торгівлі поза магазинами
49.10	H	Пасажирський залізничний транспорт міжміського сполучення
49.20	H	Вантажний залізничний транспорт
49.31	H	Пасажирський наземний транспорт міського та приміського сполучення
49.32	H	Надання послуг таксі
49.39	H	Інший пасажирський наземний транспорт, н.в.і.у.
49.41	H	Вантажний автомобільний транспорт
49.42	H	Надання послуг перевезення речей (переїзду)
49.50	H	Трубопровідний транспорт
50.10	H	Пасажирський морський транспорт
50.20	H	Вантажний морський транспорт
50.30	H	Пасажирський річковий транспорт
50.40	H	Вантажний річковий транспорт
51.10	H	Пасажирський авіаційний транспорт
51.21	H	Вантажний авіаційний транспорт
51.22	H	Космічний транспорт
52.10	H	Складське господарство
52.21	H	Допоміжне обслуговування наземного транспорту
52.22	H	Допоміжне обслуговування водного транспорту
52.23	H	Допоміжне обслуговування авіаційного транспорту
52.24	H	Транспортне оброблення вантажів
52.29	H	Інша допоміжна діяльність у сфері транспорту
53.10	H	Діяльність національної пошти
53.20	H	Інша поштова та кур'єрська діяльність
55.10	I	Діяльність готелів і подібних засобів тимчасового розміщування
55.20	I	Діяльність засобів розміщування на період відпустки та іншого тимчасового проживання
55.30	I	Надання місць кемпінгами та стоянками для житлових автофургонів і причепів
55.90	I	Діяльність інших засобів тимчасового розміщування
56.10	I	Діяльність ресторанів, надання послуг мобільного харчування
56.21	I	Постачання готових страв для подій
56.29	I	Постачання інших готових страв
56.30	I	Обслуговування напоями
58.11	J	Видання книг
58.12	J	Видання довідників і каталогів
58.13	J	Видання газет
58.14	J	Видання журналів і періодичних видань
58.19	J	Інші види видавничої діяльності
58.21	J	Видання комп'ютерних ігор
58.29	J	Видання іншого програмного забезпечення
59.11	J	Виробництво кіно- та відеофільмів, телевізійних програм
59.12	J	Компонування кіно- та відеофільмів, телевізійних програм
59.13	J	Розповсюдження кіно- та відеофільмів, телевізійних програм
59.14	J	Демонстрація кінофільмів
59.20	J	Видання звукозаписів
60.10	J	Діяльність у сфері радіомовлення
60.20	J	Діяльність у сфері телевізійного мовлення
61.10	J	Діяльність у сфері проводового електрозв'язку
61.20	J	Діяльність у сфері безпроводового електрозв'язку
61.30	J	Діяльність у сфері супутникового електрозв'язку
61.90	J	Інша діяльність у сфері електрозв'язку
62.01	J	Комп'ютерне програмування
62.02	J	Консультування з питань інформатизації
62.03	J	Діяльність із керування комп'ютерним устаткованням
62.09	J	Інша діяльність у сфері інформаційних технологій і комп'ютерних систем
63.11	J	Оброблення даних, розміщення інформації на веб-вузлах і пов'язана з ними діяльність
63.12	J	Веб-портали
63.91	J	Діяльність інформаційних агентств
63.99	J	Надання інших інформаційних послуг, н.в.і.у.
64.11	K	Діяльність центрального банку
64.19	K	Інші види грошового посередництва
64.20	K	Діяльність холдингових компаній
64.30	K	Трасти, фонди та подібні фінансові суб'єкти
64.91	K	Фінансовий лізинг
64.92	K	Інші види кредитування
64.99	K	Надання інших фінансових послуг (крім страхування та пенсійного забезпечення), н.в.і.у.
65.11	K	Страхування життя
65.12	K	Інші види страхування, крім страхування життя
65.20	K	Перестрахування
65.30	K	Недержавне пенсійне забезпечення
66.11	K	Управління фінансовими ринками
66.12	K	Посередництво за договорами по цінних паперах або товарах
66.19	K	Інша допоміжна діяльність у сфері фінансових послуг, крім страхування та пенсійного забезпечення
66.21	K	Оцінювання ризиків та завданої шкоди
66.22	K	Діяльність страхових агентів і брокерів
66.29	K	Інша допоміжна діяльність у сфері страхування та пенсійного забезпечення
66.30	K	Управління фондами
68.10	L	Купівля та продаж власного нерухомого майна
68.20	L	Надання в оренду й експлуатацію власного чи орендованого нерухомого майна
68.31	L	Агентства нерухомості
68.32	L	Управління нерухомим майном за винагороду або на основі контракту
69.10	M	Діяльність у сфері права
69.20	M	Діяльність у сфері бухгалтерського обліку й аудиту; консультування з питань оподаткування
70.10	M	Діяльність головних управлінь (хед-офісів)
70.21	M	Діяльність у сфері зв'язків із громадськістю
70.22	M	Консультування з питань комерційної діяльності й керування
71.11	M	Діяльність у сфері архітектури
71.12	M	Діяльність у сфері інжинірингу, геології та геодезії, надання послуг технічного консультування в цих сферах
71.20	M	Технічні випробування та дослідження
72.11	M	Дослідження й експериментальні розробки у сфері біотехнологій
72.19	M	Дослідження й експериментальні розробки у сфері інших природничих і технічних наук
72.20	M	Дослідження й експериментальні розробки у сфері суспільних і гуманітарних наук
73.11	M	Рекламні агентства
73.12	M	Посередництво в розміщенні реклами в засобах масової інформації
73.20	M	Дослідження кон'юнктури ринку та виявлення громадської думки
74.10	M	Спеціалізована діяльність із дизайну
74.20	M	Діяльність у сфері фотографії
74.30	M	Надання послуг перекладу
74.90	M	Інша професійна, наукова та технічна діяльність, н.в.і.у.
75.00	M	Ветеринарна діяльність
77.11	N	Надання в оренду автомобілів і легкових автотранспортних засобів
77.12	N	Надання в оренду вантажних автомобілів
77.21	N	Прокат товарів для спорту та відпочинку
77.22	N	Прокат відеозаписів і дисків
77.29	N	Прокат інших побутових виробів і предметів особистого вжитку
77.31	N	Надання в оренду сільськогосподарських машин і устатковання
77.32	N	Надання в оренду будівельних машин і устатковання
77.33	N	Надання в оренду офісних машин і устатковання, у тому числі комп'ютерів
77.34	N	Надання в оренду водних транспортних засобів
77.35	N	Надання в оренду повітряних транспортних засобів
77.39	N	Надання в оренду інших машин, устатковання та товарів, н.в.і.у.
77.40	N	Лізинг інтелектуальної власності та подібних продуктів, крім творів, захищених авторськими правами
78.10	N	Діяльність агентств працевлаштування
78.20	N	Діяльність агентств тимчасового працевлаштування
78.30	N	Інша діяльність із забезпечення трудовими ресурсами
79.11	N	Діяльність туристичних агентств
79.12	N	Діяльність туристичних операторів
79.90	N	Надання інших послуг бронювання та пов'язана з цим діяльність
80.10	N	Діяльність приватних охоронних служб
80.20	N	Обслуговування систем безпеки
80.30	N	Проведення розслідувань
81.10	N	Комплексне обслуговування об'єктів
81.21	N	Загальне прибирання будинків
81.22	N	Інша діяльність із прибирання будинків і промислових об'єктів
81.29	N	Інші види діяльності із прибирання
81.30	N	Надання ландшафтних послуг
82.11	N	Надання комбінованих офісних адміністративних послуг
82.19	N	Фотокопіювання, підготування документів та інша спеціалізована допоміжна офісна діяльність
82.20	N	Діяльність телефонних центрів
82.30	N	Організування конгресів і торговельних виставок
82.91	N	Діяльність агентств зі стягування платежів і бюро кредитних історій
82.92	N	Пакування
82.99	N	Надання інших допоміжних комерційних послуг, н.в.і.у.
84.11	O	Державне управління загального характеру
84.12	O	Регулювання у сферах охорони здоров'я, освіти, культури та інших соціальних сферах, крім обов'язкового соціального страхування
84.13	O	Регулювання та сприяння ефективному веденню економічної діяльності
84.21	O	Міжнародна діяльність
84.22	O	Діяльність у сфері оборони
84.23	O	Діяльність у сфері юстиції та правосуддя
84.24	O	Діяльність у сфері охорони громадського порядку та безпеки
84.25	O	Діяльність пожежних служб
84.30	O	Діяльність у сфері обов'язкового соціального страхування
85.10	P	Дошкільна освіта
85.20	P	Початкова освіта
85.31	P	Загальна середня освіта
85.32	P	Професійно-технічна освіта
85.41	P	Фахова передвища освіта
85.42	P	Вища освіта
85.51	P	Освіта у сфері спорту та відпочинку
85.52	P	Освіта у сфері культури
85.53	P	Діяльність шкіл підготовки водіїв транспортних засобів
85.59	P	Інші види освіти, н.в.і.у.
85.60	P	Допоміжна діяльність у сфері освіти
86.10	Q	Діяльність лікарняних закладів
86.21	Q	Загальна медична практика
86.22	Q	Спеціалізована медична практика
86.23	Q	Стоматологічна практика
86.90	Q	Інша діяльність у сфері охорони здоров'я
87.10	Q	Діяльність із догляду за хворими із забезпеченням проживання
87.20	Q	Надання послуг догляду із забезпеченням проживання для осіб з розумовими вадами та хворих на наркоманію
87.30	Q	Надання послуг догляду із забезпеченням проживання для осіб похилого віку та інвалідів
87.90	Q	Надання інших послуг догляду із забезпеченням проживання
88.10	Q	Надання соціальної допомоги без забезпечення проживання для осіб похилого віку та інвалідів
88.91	Q	Денний догляд за дітьми
88.99	Q	Надання іншої соціальної допомоги без забезпечення проживання, н.в.і.у.
90.01	R	Театральна та концертна діяльність
90.02	R	Діяльність із підтримки театральних і концертних заходів
90.03	R	Індивідуальна мистецька діяльність
90.04	R	Функціювання театральних і концертних залів
91.01	R	Функціювання бібліотек і архівів
91.02	R	Функціювання музеїв
91.03	R	Діяльність із охорони та використання пам'яток історії, будівель та інших пам'яток культури
91.04	R	Функціювання ботанічних садів, зоопарків і природних заповідників
92.00	R	Організування азартних ігор
93.11	R	Функціювання спортивних споруд
93.12	R	Діяльність спортивних клубів
93.13	R	Діяльність фітнес-центрів
93.19	R	Інша діяльність у сфері спорту
93.21	R	Функціювання атракціонів і тематичних парків
93.29	R	Організування інших видів відпочинку та розваг
94.11	S	Діяльність організацій промисловців і підприємців
94.12	S	Діяльність професійних громадських організацій
94.20	S	Діяльність професійних спілок
94.91	S	Діяльність релігійних організацій
94.92	S	Діяльність політичних організацій
94.99	S	Діяльність інших громадських організацій, н.в.і.у.
95.11	S	Ремонт комп'ютерів і периферійного устатковання
95.12	S	Ремонт обладнання зв'язку
95.21	S	Ремонт електронної апаратури побутового призначення для приймання, записування, відтворювання звуку й зображення
95.22	S	Ремонт побутових приладів, домашнього та садового обладнання
95.23	S	Ремонт взуття та шкіряних виробів
95.24	S	Ремонт меблів і домашнього начиння
95.25	S	Ремонт годинників і ювелірних виробів
95.29	S	Ремонт інших побутових виробів і предметів особистого вжитку
96.01	S	Прання та хімічне чищення текстильних і хутряних виробів
96.02	S	Надання послуг перукарнями та салонами краси
96.03	S	Організування поховань і надання суміжних послуг
96.04	S	Діяльність із забезпечення фізичного комфорту
96.09	S	Надання інших індивідуальних послуг, н.в.і.у.
97.00	T	Діяльність домашніх господарств як роботодавців для домашньої прислуги
98.10	T	Діяльність домашніх господарств як виробників товарів для власного споживання
98.20	T	Діяльність домашніх господарств як виробників послуг для власного споживання
99.00	U	Діяльність екстериторіальних організацій і органів
